pokemonID,ability,isHidden
1,overgrow,False
1,chlorophyll,True
2,overgrow,False
2,chlorophyll,True
3,overgrow,False
3,chlorophyll,True
4,blaze,False
4,solar-power,True
5,blaze,False
5,solar-power,True
6,blaze,False
6,solar-power,True
7,torrent,False
7,rain-dish,True
8,torrent,False
8,rain-dish,True
9,torrent,False
9,rain-dish,True
10,shield-dust,False
10,run-away,True
11,shed-skin,False
12,compound-eyes,False
12,tinted-lens,True
13,shield-dust,False
13,run-away,True
14,shed-skin,False
15,swarm,False
15,sniper,True
16,keen-eye,False
16,tangled-feet,False
16,big-pecks,True
17,keen-eye,False
17,tangled-feet,False
17,big-pecks,True
18,keen-eye,False
18,tangled-feet,False
18,big-pecks,True
19,run-away,False
19,guts,False
19,hustle,True
20,run-away,False
20,guts,False
20,hustle,True
21,keen-eye,False
21,sniper,True
22,keen-eye,False
22,sniper,True
23,intimidate,False
23,shed-skin,False
23,unnerve,True
24,intimidate,False
24,shed-skin,False
24,unnerve,True
25,static,False
25,lightning-rod,True
26,static,False
26,lightning-rod,True
27,sand-veil,False
27,sand-rush,True
28,sand-veil,False
28,sand-rush,True
29,poison-point,False
29,rivalry,False
29,hustle,True
30,poison-point,False
30,rivalry,False
30,hustle,True
31,poison-point,False
31,rivalry,False
31,sheer-force,True
32,poison-point,False
32,rivalry,False
32,hustle,True
33,poison-point,False
33,rivalry,False
33,hustle,True
34,poison-point,False
34,rivalry,False
34,sheer-force,True
35,cute-charm,False
35,magic-guard,False
35,friend-guard,True
36,cute-charm,False
36,magic-guard,False
36,unaware,True
37,flash-fire,False
37,drought,True
38,flash-fire,False
38,drought,True
39,cute-charm,False
39,competitive,False
39,friend-guard,True
40,cute-charm,False
40,competitive,False
40,frisk,True
41,inner-focus,False
41,infiltrator,True
42,inner-focus,False
42,infiltrator,True
43,chlorophyll,False
43,run-away,True
44,chlorophyll,False
44,stench,True
45,chlorophyll,False
45,effect-spore,True
46,effect-spore,False
46,dry-skin,False
46,damp,True
47,effect-spore,False
47,dry-skin,False
47,damp,True
48,compound-eyes,False
48,tinted-lens,False
48,run-away,True
49,shield-dust,False
49,tinted-lens,False
49,wonder-skin,True
50,sand-veil,False
50,arena-trap,False
50,sand-force,True
51,sand-veil,False
51,arena-trap,False
51,sand-force,True
52,pickup,False
52,technician,False
52,unnerve,True
53,limber,False
53,technician,False
53,unnerve,True
54,damp,False
54,cloud-nine,False
54,swift-swim,True
55,damp,False
55,cloud-nine,False
55,swift-swim,True
56,vital-spirit,False
56,anger-point,False
56,defiant,True
57,vital-spirit,False
57,anger-point,False
57,defiant,True
58,intimidate,False
58,flash-fire,False
58,justified,True
59,intimidate,False
59,flash-fire,False
59,justified,True
60,water-absorb,False
60,damp,False
60,swift-swim,True
61,water-absorb,False
61,damp,False
61,swift-swim,True
62,water-absorb,False
62,damp,False
62,swift-swim,True
63,synchronize,False
63,inner-focus,False
63,magic-guard,True
64,synchronize,False
64,inner-focus,False
64,magic-guard,True
65,synchronize,False
65,inner-focus,False
65,magic-guard,True
66,guts,False
66,no-guard,False
66,steadfast,True
67,guts,False
67,no-guard,False
67,steadfast,True
68,guts,False
68,no-guard,False
68,steadfast,True
69,chlorophyll,False
69,gluttony,True
70,chlorophyll,False
70,gluttony,True
71,chlorophyll,False
71,gluttony,True
72,clear-body,False
72,liquid-ooze,False
72,rain-dish,True
73,clear-body,False
73,liquid-ooze,False
73,rain-dish,True
74,rock-head,False
74,sturdy,False
74,sand-veil,True
75,rock-head,False
75,sturdy,False
75,sand-veil,True
76,rock-head,False
76,sturdy,False
76,sand-veil,True
77,run-away,False
77,flash-fire,False
77,flame-body,True
78,run-away,False
78,flash-fire,False
78,flame-body,True
79,oblivious,False
79,own-tempo,False
79,regenerator,True
80,oblivious,False
80,own-tempo,False
80,regenerator,True
81,magnet-pull,False
81,sturdy,False
81,analytic,True
82,magnet-pull,False
82,sturdy,False
82,analytic,True
83,keen-eye,False
83,inner-focus,False
83,defiant,True
84,run-away,False
84,early-bird,False
84,tangled-feet,True
85,run-away,False
85,early-bird,False
85,tangled-feet,True
86,thick-fat,False
86,hydration,False
86,ice-body,True
87,thick-fat,False
87,hydration,False
87,ice-body,True
88,stench,False
88,sticky-hold,False
88,poison-touch,True
89,stench,False
89,sticky-hold,False
89,poison-touch,True
90,shell-armor,False
90,skill-link,False
90,overcoat,True
91,shell-armor,False
91,skill-link,False
91,overcoat,True
92,levitate,False
93,levitate,False
94,cursed-body,False
95,rock-head,False
95,sturdy,False
95,weak-armor,True
96,insomnia,False
96,forewarn,False
96,inner-focus,True
97,insomnia,False
97,forewarn,False
97,inner-focus,True
98,hyper-cutter,False
98,shell-armor,False
98,sheer-force,True
99,hyper-cutter,False
99,shell-armor,False
99,sheer-force,True
100,soundproof,False
100,static,False
100,aftermath,True
101,soundproof,False
101,static,False
101,aftermath,True
102,chlorophyll,False
102,harvest,True
103,chlorophyll,False
103,harvest,True
104,rock-head,False
104,lightning-rod,False
104,battle-armor,True
105,rock-head,False
105,lightning-rod,False
105,battle-armor,True
106,limber,False
106,reckless,False
106,unburden,True
107,keen-eye,False
107,iron-fist,False
107,inner-focus,True
108,own-tempo,False
108,oblivious,False
108,cloud-nine,True
109,levitate,False
109,neutralizing-gas,False
109,stench,True
110,levitate,False
110,neutralizing-gas,False
110,stench,True
111,lightning-rod,False
111,rock-head,False
111,reckless,True
112,lightning-rod,False
112,rock-head,False
112,reckless,True
113,natural-cure,False
113,serene-grace,False
113,healer,True
114,chlorophyll,False
114,leaf-guard,False
114,regenerator,True
115,early-bird,False
115,scrappy,False
115,inner-focus,True
116,swift-swim,False
116,sniper,False
116,damp,True
117,poison-point,False
117,sniper,False
117,damp,True
118,swift-swim,False
118,water-veil,False
118,lightning-rod,True
119,swift-swim,False
119,water-veil,False
119,lightning-rod,True
120,illuminate,False
120,natural-cure,False
120,analytic,True
121,illuminate,False
121,natural-cure,False
121,analytic,True
122,soundproof,False
122,filter,False
122,technician,True
123,swarm,False
123,technician,False
123,steadfast,True
124,oblivious,False
124,forewarn,False
124,dry-skin,True
125,static,False
125,vital-spirit,True
126,flame-body,False
126,vital-spirit,True
127,hyper-cutter,False
127,mold-breaker,False
127,moxie,True
128,intimidate,False
128,anger-point,False
128,sheer-force,True
129,swift-swim,False
129,rattled,True
130,intimidate,False
130,moxie,True
131,water-absorb,False
131,shell-armor,False
131,hydration,True
132,limber,False
132,imposter,True
133,run-away,False
133,adaptability,False
133,anticipation,True
134,water-absorb,False
134,hydration,True
135,volt-absorb,False
135,quick-feet,True
136,flash-fire,False
136,guts,True
137,trace,False
137,download,False
137,analytic,True
138,swift-swim,False
138,shell-armor,False
138,weak-armor,True
139,swift-swim,False
139,shell-armor,False
139,weak-armor,True
140,swift-swim,False
140,battle-armor,False
140,weak-armor,True
141,swift-swim,False
141,battle-armor,False
141,weak-armor,True
142,rock-head,False
142,pressure,False
142,unnerve,True
143,immunity,False
143,thick-fat,False
143,gluttony,True
144,pressure,False
144,snow-cloak,True
145,pressure,False
145,static,True
146,pressure,False
146,flame-body,True
147,shed-skin,False
147,marvel-scale,True
148,shed-skin,False
148,marvel-scale,True
149,inner-focus,False
149,multiscale,True
150,pressure,False
150,unnerve,True
151,synchronize,False
152,overgrow,False
152,leaf-guard,True
153,overgrow,False
153,leaf-guard,True
154,overgrow,False
154,leaf-guard,True
155,blaze,False
155,flash-fire,True
156,blaze,False
156,flash-fire,True
157,blaze,False
157,flash-fire,True
158,torrent,False
158,sheer-force,True
159,torrent,False
159,sheer-force,True
160,torrent,False
160,sheer-force,True
161,run-away,False
161,keen-eye,False
161,frisk,True
162,run-away,False
162,keen-eye,False
162,frisk,True
163,insomnia,False
163,keen-eye,False
163,tinted-lens,True
164,insomnia,False
164,keen-eye,False
164,tinted-lens,True
165,swarm,False
165,early-bird,False
165,rattled,True
166,swarm,False
166,early-bird,False
166,iron-fist,True
167,swarm,False
167,insomnia,False
167,sniper,True
168,swarm,False
168,insomnia,False
168,sniper,True
169,inner-focus,False
169,infiltrator,True
170,volt-absorb,False
170,illuminate,False
170,water-absorb,True
171,volt-absorb,False
171,illuminate,False
171,water-absorb,True
172,static,False
172,lightning-rod,True
173,cute-charm,False
173,magic-guard,False
173,friend-guard,True
174,cute-charm,False
174,competitive,False
174,friend-guard,True
175,hustle,False
175,serene-grace,False
175,super-luck,True
176,hustle,False
176,serene-grace,False
176,super-luck,True
177,synchronize,False
177,early-bird,False
177,magic-bounce,True
178,synchronize,False
178,early-bird,False
178,magic-bounce,True
179,static,False
179,plus,True
180,static,False
180,plus,True
181,static,False
181,plus,True
182,chlorophyll,False
182,healer,True
183,thick-fat,False
183,huge-power,False
183,sap-sipper,True
184,thick-fat,False
184,huge-power,False
184,sap-sipper,True
185,sturdy,False
185,rock-head,False
185,rattled,True
186,water-absorb,False
186,damp,False
186,drizzle,True
187,chlorophyll,False
187,leaf-guard,False
187,infiltrator,True
188,chlorophyll,False
188,leaf-guard,False
188,infiltrator,True
189,chlorophyll,False
189,leaf-guard,False
189,infiltrator,True
190,run-away,False
190,pickup,False
190,skill-link,True
191,chlorophyll,False
191,solar-power,False
191,early-bird,True
192,chlorophyll,False
192,solar-power,False
192,early-bird,True
193,speed-boost,False
193,compound-eyes,False
193,frisk,True
194,damp,False
194,water-absorb,False
194,unaware,True
195,damp,False
195,water-absorb,False
195,unaware,True
196,synchronize,False
196,magic-bounce,True
197,synchronize,False
197,inner-focus,True
198,insomnia,False
198,super-luck,False
198,prankster,True
199,oblivious,False
199,own-tempo,False
199,regenerator,True
200,levitate,False
201,levitate,False
202,shadow-tag,False
202,telepathy,True
203,inner-focus,False
203,early-bird,False
203,sap-sipper,True
204,sturdy,False
204,overcoat,True
205,sturdy,False
205,overcoat,True
206,serene-grace,False
206,run-away,False
206,rattled,True
207,hyper-cutter,False
207,sand-veil,False
207,immunity,True
208,rock-head,False
208,sturdy,False
208,sheer-force,True
209,intimidate,False
209,run-away,False
209,rattled,True
210,intimidate,False
210,quick-feet,False
210,rattled,True
211,poison-point,False
211,swift-swim,False
211,intimidate,True
212,swarm,False
212,technician,False
212,light-metal,True
213,sturdy,False
213,gluttony,False
213,contrary,True
214,swarm,False
214,guts,False
214,moxie,True
215,inner-focus,False
215,keen-eye,False
215,pickpocket,True
216,pickup,False
216,quick-feet,False
216,honey-gather,True
217,guts,False
217,quick-feet,False
217,unnerve,True
218,magma-armor,False
218,flame-body,False
218,weak-armor,True
219,magma-armor,False
219,flame-body,False
219,weak-armor,True
220,oblivious,False
220,snow-cloak,False
220,thick-fat,True
221,oblivious,False
221,snow-cloak,False
221,thick-fat,True
222,hustle,False
222,natural-cure,False
222,regenerator,True
223,hustle,False
223,sniper,False
223,moody,True
224,suction-cups,False
224,sniper,False
224,moody,True
225,vital-spirit,False
225,hustle,False
225,insomnia,True
226,swift-swim,False
226,water-absorb,False
226,water-veil,True
227,keen-eye,False
227,sturdy,False
227,weak-armor,True
228,early-bird,False
228,flash-fire,False
228,unnerve,True
229,early-bird,False
229,flash-fire,False
229,unnerve,True
230,swift-swim,False
230,sniper,False
230,damp,True
231,pickup,False
231,sand-veil,True
232,sturdy,False
232,sand-veil,True
233,trace,False
233,download,False
233,analytic,True
234,intimidate,False
234,frisk,False
234,sap-sipper,True
235,own-tempo,False
235,technician,False
235,moody,True
236,guts,False
236,steadfast,False
236,vital-spirit,True
237,intimidate,False
237,technician,False
237,steadfast,True
238,oblivious,False
238,forewarn,False
238,hydration,True
239,static,False
239,vital-spirit,True
240,flame-body,False
240,vital-spirit,True
241,thick-fat,False
241,scrappy,False
241,sap-sipper,True
242,natural-cure,False
242,serene-grace,False
242,healer,True
243,pressure,False
243,inner-focus,True
244,pressure,False
244,inner-focus,True
245,pressure,False
245,inner-focus,True
246,guts,False
246,sand-veil,True
247,shed-skin,False
248,sand-stream,False
248,unnerve,True
249,pressure,False
249,multiscale,True
250,pressure,False
250,regenerator,True
251,natural-cure,False
252,overgrow,False
252,unburden,True
253,overgrow,False
253,unburden,True
254,overgrow,False
254,unburden,True
255,blaze,False
255,speed-boost,True
256,blaze,False
256,speed-boost,True
257,blaze,False
257,speed-boost,True
258,torrent,False
258,damp,True
259,torrent,False
259,damp,True
260,torrent,False
260,damp,True
261,run-away,False
261,quick-feet,False
261,rattled,True
262,intimidate,False
262,quick-feet,False
262,moxie,True
263,pickup,False
263,gluttony,False
263,quick-feet,True
264,pickup,False
264,gluttony,False
264,quick-feet,True
265,shield-dust,False
265,run-away,True
266,shed-skin,False
267,swarm,False
267,rivalry,True
268,shed-skin,False
269,shield-dust,False
269,compound-eyes,True
270,swift-swim,False
270,rain-dish,False
270,own-tempo,True
271,swift-swim,False
271,rain-dish,False
271,own-tempo,True
272,swift-swim,False
272,rain-dish,False
272,own-tempo,True
273,chlorophyll,False
273,early-bird,False
273,pickpocket,True
274,chlorophyll,False
274,early-bird,False
274,pickpocket,True
275,chlorophyll,False
275,wind-rider,False
275,pickpocket,True
276,guts,False
276,scrappy,True
277,guts,False
277,scrappy,True
278,keen-eye,False
278,hydration,False
278,rain-dish,True
279,keen-eye,False
279,drizzle,False
279,rain-dish,True
280,synchronize,False
280,trace,False
280,telepathy,True
281,synchronize,False
281,trace,False
281,telepathy,True
282,synchronize,False
282,trace,False
282,telepathy,True
283,swift-swim,False
283,rain-dish,True
284,intimidate,False
284,unnerve,True
285,effect-spore,False
285,poison-heal,False
285,quick-feet,True
286,effect-spore,False
286,poison-heal,False
286,technician,True
287,truant,False
288,vital-spirit,False
289,truant,False
290,compound-eyes,False
290,run-away,True
291,speed-boost,False
291,infiltrator,True
292,wonder-guard,False
293,soundproof,False
293,rattled,True
294,soundproof,False
294,scrappy,True
295,soundproof,False
295,scrappy,True
296,thick-fat,False
296,guts,False
296,sheer-force,True
297,thick-fat,False
297,guts,False
297,sheer-force,True
298,thick-fat,False
298,huge-power,False
298,sap-sipper,True
299,sturdy,False
299,magnet-pull,False
299,sand-force,True
300,cute-charm,False
300,normalize,False
300,wonder-skin,True
301,cute-charm,False
301,normalize,False
301,wonder-skin,True
302,keen-eye,False
302,stall,False
302,prankster,True
303,hyper-cutter,False
303,intimidate,False
303,sheer-force,True
304,sturdy,False
304,rock-head,False
304,heavy-metal,True
305,sturdy,False
305,rock-head,False
305,heavy-metal,True
306,sturdy,False
306,rock-head,False
306,heavy-metal,True
307,pure-power,False
307,telepathy,True
308,pure-power,False
308,telepathy,True
309,static,False
309,lightning-rod,False
309,minus,True
310,static,False
310,lightning-rod,False
310,minus,True
311,plus,False
311,lightning-rod,True
312,minus,False
312,volt-absorb,True
313,illuminate,False
313,swarm,False
313,prankster,True
314,oblivious,False
314,tinted-lens,False
314,prankster,True
315,natural-cure,False
315,poison-point,False
315,leaf-guard,True
316,liquid-ooze,False
316,sticky-hold,False
316,gluttony,True
317,liquid-ooze,False
317,sticky-hold,False
317,gluttony,True
318,rough-skin,False
318,speed-boost,True
319,rough-skin,False
319,speed-boost,True
320,water-veil,False
320,oblivious,False
320,pressure,True
321,water-veil,False
321,oblivious,False
321,pressure,True
322,oblivious,False
322,simple,False
322,own-tempo,True
323,magma-armor,False
323,solid-rock,False
323,anger-point,True
324,white-smoke,False
324,drought,False
324,shell-armor,True
325,thick-fat,False
325,own-tempo,False
325,gluttony,True
326,thick-fat,False
326,own-tempo,False
326,gluttony,True
327,own-tempo,False
327,tangled-feet,False
327,contrary,True
328,hyper-cutter,False
328,arena-trap,False
328,sheer-force,True
329,levitate,False
330,levitate,False
331,sand-veil,False
331,water-absorb,True
332,sand-veil,False
332,water-absorb,True
333,natural-cure,False
333,cloud-nine,True
334,natural-cure,False
334,cloud-nine,True
335,immunity,False
335,toxic-boost,True
336,shed-skin,False
336,infiltrator,True
337,levitate,False
338,levitate,False
339,oblivious,False
339,anticipation,False
339,hydration,True
340,oblivious,False
340,anticipation,False
340,hydration,True
341,hyper-cutter,False
341,shell-armor,False
341,adaptability,True
342,hyper-cutter,False
342,shell-armor,False
342,adaptability,True
343,levitate,False
344,levitate,False
345,suction-cups,False
345,storm-drain,True
346,suction-cups,False
346,storm-drain,True
347,battle-armor,False
347,swift-swim,True
348,battle-armor,False
348,swift-swim,True
349,swift-swim,False
349,oblivious,False
349,adaptability,True
350,marvel-scale,False
350,competitive,False
350,cute-charm,True
351,forecast,False
352,color-change,False
352,protean,True
353,insomnia,False
353,frisk,False
353,cursed-body,True
354,insomnia,False
354,frisk,False
354,cursed-body,True
355,levitate,False
355,frisk,True
356,pressure,False
356,frisk,True
357,chlorophyll,False
357,solar-power,False
357,harvest,True
358,levitate,False
359,pressure,False
359,super-luck,False
359,justified,True
360,shadow-tag,False
360,telepathy,True
361,inner-focus,False
361,ice-body,False
361,moody,True
362,inner-focus,False
362,ice-body,False
362,moody,True
363,thick-fat,False
363,ice-body,False
363,oblivious,True
364,thick-fat,False
364,ice-body,False
364,oblivious,True
365,thick-fat,False
365,ice-body,False
365,oblivious,True
366,shell-armor,False
366,rattled,True
367,swift-swim,False
367,water-veil,True
368,swift-swim,False
368,hydration,True
369,swift-swim,False
369,rock-head,False
369,sturdy,True
370,swift-swim,False
370,hydration,True
371,rock-head,False
371,sheer-force,True
372,rock-head,False
372,overcoat,True
373,intimidate,False
373,moxie,True
374,clear-body,False
374,light-metal,True
375,clear-body,False
375,light-metal,True
376,clear-body,False
376,light-metal,True
377,clear-body,False
377,sturdy,True
378,clear-body,False
378,ice-body,True
379,clear-body,False
379,light-metal,True
380,levitate,False
381,levitate,False
382,drizzle,False
383,drought,False
384,air-lock,False
385,serene-grace,False
386,pressure,False
387,overgrow,False
387,shell-armor,True
388,overgrow,False
388,shell-armor,True
389,overgrow,False
389,shell-armor,True
390,blaze,False
390,iron-fist,True
391,blaze,False
391,iron-fist,True
392,blaze,False
392,iron-fist,True
393,torrent,False
393,competitive,True
394,torrent,False
394,competitive,True
395,torrent,False
395,competitive,True
396,keen-eye,False
396,reckless,True
397,intimidate,False
397,reckless,True
398,intimidate,False
398,reckless,True
399,simple,False
399,unaware,False
399,moody,True
400,simple,False
400,unaware,False
400,moody,True
401,shed-skin,False
401,run-away,True
402,swarm,False
402,technician,True
403,rivalry,False
403,intimidate,False
403,guts,True
404,rivalry,False
404,intimidate,False
404,guts,True
405,rivalry,False
405,intimidate,False
405,guts,True
406,natural-cure,False
406,poison-point,False
406,leaf-guard,True
407,natural-cure,False
407,poison-point,False
407,technician,True
408,mold-breaker,False
408,sheer-force,True
409,mold-breaker,False
409,sheer-force,True
410,sturdy,False
410,soundproof,True
411,sturdy,False
411,soundproof,True
412,shed-skin,False
412,overcoat,True
413,anticipation,False
413,overcoat,True
414,swarm,False
414,tinted-lens,True
415,honey-gather,False
415,hustle,True
416,pressure,False
416,unnerve,True
417,run-away,False
417,pickup,False
417,volt-absorb,True
418,swift-swim,False
418,water-veil,True
419,swift-swim,False
419,water-veil,True
420,chlorophyll,False
421,flower-gift,False
422,sticky-hold,False
422,storm-drain,False
422,sand-force,True
423,sticky-hold,False
423,storm-drain,False
423,sand-force,True
424,technician,False
424,pickup,False
424,skill-link,True
425,aftermath,False
425,unburden,False
425,flare-boost,True
426,aftermath,False
426,unburden,False
426,flare-boost,True
427,run-away,False
427,klutz,False
427,limber,True
428,cute-charm,False
428,klutz,False
428,limber,True
429,levitate,False
430,insomnia,False
430,super-luck,False
430,moxie,True
431,limber,False
431,own-tempo,False
431,keen-eye,True
432,thick-fat,False
432,own-tempo,False
432,defiant,True
433,levitate,False
434,stench,False
434,aftermath,False
434,keen-eye,True
435,stench,False
435,aftermath,False
435,keen-eye,True
436,levitate,False
436,heatproof,False
436,heavy-metal,True
437,levitate,False
437,heatproof,False
437,heavy-metal,True
438,sturdy,False
438,rock-head,False
438,rattled,True
439,soundproof,False
439,filter,False
439,technician,True
440,natural-cure,False
440,serene-grace,False
440,friend-guard,True
441,keen-eye,False
441,tangled-feet,False
441,big-pecks,True
442,pressure,False
442,infiltrator,True
443,sand-veil,False
443,rough-skin,True
444,sand-veil,False
444,rough-skin,True
445,sand-veil,False
445,rough-skin,True
446,pickup,False
446,thick-fat,False
446,gluttony,True
447,steadfast,False
447,inner-focus,False
447,prankster,True
448,steadfast,False
448,inner-focus,False
448,justified,True
449,sand-stream,False
449,sand-force,True
450,sand-stream,False
450,sand-force,True
451,battle-armor,False
451,sniper,False
451,keen-eye,True
452,battle-armor,False
452,sniper,False
452,keen-eye,True
453,anticipation,False
453,dry-skin,False
453,poison-touch,True
454,anticipation,False
454,dry-skin,False
454,poison-touch,True
455,levitate,False
456,swift-swim,False
456,storm-drain,False
456,water-veil,True
457,swift-swim,False
457,storm-drain,False
457,water-veil,True
458,swift-swim,False
458,water-absorb,False
458,water-veil,True
459,snow-warning,False
459,soundproof,True
460,snow-warning,False
460,soundproof,True
461,pressure,False
461,pickpocket,True
462,magnet-pull,False
462,sturdy,False
462,analytic,True
463,own-tempo,False
463,oblivious,False
463,cloud-nine,True
464,lightning-rod,False
464,solid-rock,False
464,reckless,True
465,chlorophyll,False
465,leaf-guard,False
465,regenerator,True
466,motor-drive,False
466,vital-spirit,True
467,flame-body,False
467,vital-spirit,True
468,hustle,False
468,serene-grace,False
468,super-luck,True
469,speed-boost,False
469,tinted-lens,False
469,frisk,True
470,leaf-guard,False
470,chlorophyll,True
471,snow-cloak,False
471,ice-body,True
472,hyper-cutter,False
472,sand-veil,False
472,poison-heal,True
473,oblivious,False
473,snow-cloak,False
473,thick-fat,True
474,adaptability,False
474,download,False
474,analytic,True
475,steadfast,False
475,sharpness,False
475,justified,True
476,sturdy,False
476,magnet-pull,False
476,sand-force,True
477,pressure,False
477,frisk,True
478,snow-cloak,False
478,cursed-body,True
479,levitate,False
480,levitate,False
481,levitate,False
482,levitate,False
483,pressure,False
483,telepathy,True
484,pressure,False
484,telepathy,True
485,flash-fire,False
485,flame-body,True
486,slow-start,False
487,pressure,False
487,telepathy,True
488,levitate,False
489,hydration,False
490,hydration,False
491,bad-dreams,False
492,natural-cure,False
493,multitype,False
494,victory-star,False
495,overgrow,False
495,contrary,True
496,overgrow,False
496,contrary,True
497,overgrow,False
497,contrary,True
498,blaze,False
498,thick-fat,True
499,blaze,False
499,thick-fat,True
500,blaze,False
500,reckless,True
501,torrent,False
501,shell-armor,True
502,torrent,False
502,shell-armor,True
503,torrent,False
503,shell-armor,True
504,run-away,False
504,keen-eye,False
504,analytic,True
505,illuminate,False
505,keen-eye,False
505,analytic,True
506,vital-spirit,False
506,pickup,False
506,run-away,True
507,intimidate,False
507,sand-rush,False
507,scrappy,True
508,intimidate,False
508,sand-rush,False
508,scrappy,True
509,limber,False
509,unburden,False
509,prankster,True
510,limber,False
510,unburden,False
510,prankster,True
511,gluttony,False
511,overgrow,True
512,gluttony,False
512,overgrow,True
513,gluttony,False
513,blaze,True
514,gluttony,False
514,blaze,True
515,gluttony,False
515,torrent,True
516,gluttony,False
516,torrent,True
517,forewarn,False
517,synchronize,False
517,telepathy,True
518,forewarn,False
518,synchronize,False
518,telepathy,True
519,big-pecks,False
519,super-luck,False
519,rivalry,True
520,big-pecks,False
520,super-luck,False
520,rivalry,True
521,big-pecks,False
521,super-luck,False
521,rivalry,True
522,lightning-rod,False
522,motor-drive,False
522,sap-sipper,True
523,lightning-rod,False
523,motor-drive,False
523,sap-sipper,True
524,sturdy,False
524,weak-armor,False
524,sand-force,True
525,sturdy,False
525,weak-armor,False
525,sand-force,True
526,sturdy,False
526,sand-stream,False
526,sand-force,True
527,unaware,False
527,klutz,False
527,simple,True
528,unaware,False
528,klutz,False
528,simple,True
529,sand-rush,False
529,sand-force,False
529,mold-breaker,True
530,sand-rush,False
530,sand-force,False
530,mold-breaker,True
531,healer,False
531,regenerator,False
531,klutz,True
532,guts,False
532,sheer-force,False
532,iron-fist,True
533,guts,False
533,sheer-force,False
533,iron-fist,True
534,guts,False
534,sheer-force,False
534,iron-fist,True
535,swift-swim,False
535,hydration,False
535,water-absorb,True
536,swift-swim,False
536,hydration,False
536,water-absorb,True
537,swift-swim,False
537,poison-touch,False
537,water-absorb,True
538,guts,False
538,inner-focus,False
538,mold-breaker,True
539,sturdy,False
539,inner-focus,False
539,mold-breaker,True
540,swarm,False
540,chlorophyll,False
540,overcoat,True
541,leaf-guard,False
541,chlorophyll,False
541,overcoat,True
542,swarm,False
542,chlorophyll,False
542,overcoat,True
543,poison-point,False
543,swarm,False
543,speed-boost,True
544,poison-point,False
544,swarm,False
544,speed-boost,True
545,poison-point,False
545,swarm,False
545,speed-boost,True
546,prankster,False
546,infiltrator,False
546,chlorophyll,True
547,prankster,False
547,infiltrator,False
547,chlorophyll,True
548,chlorophyll,False
548,own-tempo,False
548,leaf-guard,True
549,chlorophyll,False
549,own-tempo,False
549,leaf-guard,True
550,reckless,False
550,adaptability,False
550,mold-breaker,True
551,intimidate,False
551,moxie,False
551,anger-point,True
552,intimidate,False
552,moxie,False
552,anger-point,True
553,intimidate,False
553,moxie,False
553,anger-point,True
554,hustle,False
554,inner-focus,True
555,sheer-force,False
555,zen-mode,True
556,water-absorb,False
556,chlorophyll,False
556,storm-drain,True
557,sturdy,False
557,shell-armor,False
557,weak-armor,True
558,sturdy,False
558,shell-armor,False
558,weak-armor,True
559,shed-skin,False
559,moxie,False
559,intimidate,True
560,shed-skin,False
560,moxie,False
560,intimidate,True
561,wonder-skin,False
561,magic-guard,False
561,tinted-lens,True
562,mummy,False
563,mummy,False
564,solid-rock,False
564,sturdy,False
564,swift-swim,True
565,solid-rock,False
565,sturdy,False
565,swift-swim,True
566,defeatist,False
567,defeatist,False
568,stench,False
568,sticky-hold,False
568,aftermath,True
569,stench,False
569,weak-armor,False
569,aftermath,True
570,illusion,False
571,illusion,False
572,cute-charm,False
572,technician,False
572,skill-link,True
573,cute-charm,False
573,technician,False
573,skill-link,True
574,frisk,False
574,competitive,False
574,shadow-tag,True
575,frisk,False
575,competitive,False
575,shadow-tag,True
576,frisk,False
576,competitive,False
576,shadow-tag,True
577,overcoat,False
577,magic-guard,False
577,regenerator,True
578,overcoat,False
578,magic-guard,False
578,regenerator,True
579,overcoat,False
579,magic-guard,False
579,regenerator,True
580,keen-eye,False
580,big-pecks,False
580,hydration,True
581,keen-eye,False
581,big-pecks,False
581,hydration,True
582,ice-body,False
582,snow-cloak,False
582,weak-armor,True
583,ice-body,False
583,snow-cloak,False
583,weak-armor,True
584,ice-body,False
584,snow-warning,False
584,weak-armor,True
585,chlorophyll,False
585,sap-sipper,False
585,serene-grace,True
586,chlorophyll,False
586,sap-sipper,False
586,serene-grace,True
587,static,False
587,motor-drive,True
588,swarm,False
588,shed-skin,False
588,no-guard,True
589,swarm,False
589,shell-armor,False
589,overcoat,True
590,effect-spore,False
590,regenerator,True
591,effect-spore,False
591,regenerator,True
592,water-absorb,False
592,cursed-body,False
592,damp,True
593,water-absorb,False
593,cursed-body,False
593,damp,True
594,healer,False
594,hydration,False
594,regenerator,True
595,compound-eyes,False
595,unnerve,False
595,swarm,True
596,compound-eyes,False
596,unnerve,False
596,swarm,True
597,iron-barbs,False
598,iron-barbs,False
598,anticipation,True
599,plus,False
599,minus,False
599,clear-body,True
600,plus,False
600,minus,False
600,clear-body,True
601,plus,False
601,minus,False
601,clear-body,True
602,levitate,False
603,levitate,False
604,levitate,False
605,telepathy,False
605,synchronize,False
605,analytic,True
606,telepathy,False
606,synchronize,False
606,analytic,True
607,flash-fire,False
607,flame-body,False
607,infiltrator,True
608,flash-fire,False
608,flame-body,False
608,infiltrator,True
609,flash-fire,False
609,flame-body,False
609,infiltrator,True
610,rivalry,False
610,mold-breaker,False
610,unnerve,True
611,rivalry,False
611,mold-breaker,False
611,unnerve,True
612,rivalry,False
612,mold-breaker,False
612,unnerve,True
613,snow-cloak,False
613,slush-rush,False
613,rattled,True
614,snow-cloak,False
614,slush-rush,False
614,swift-swim,True
615,levitate,False
616,hydration,False
616,shell-armor,False
616,overcoat,True
617,hydration,False
617,sticky-hold,False
617,unburden,True
618,static,False
618,limber,False
618,sand-veil,True
619,inner-focus,False
619,regenerator,False
619,reckless,True
620,inner-focus,False
620,regenerator,False
620,reckless,True
621,rough-skin,False
621,sheer-force,False
621,mold-breaker,True
622,iron-fist,False
622,klutz,False
622,no-guard,True
623,iron-fist,False
623,klutz,False
623,no-guard,True
624,defiant,False
624,inner-focus,False
624,pressure,True
625,defiant,False
625,inner-focus,False
625,pressure,True
626,reckless,False
626,sap-sipper,False
626,soundproof,True
627,keen-eye,False
627,sheer-force,False
627,hustle,True
628,keen-eye,False
628,sheer-force,False
628,defiant,True
629,big-pecks,False
629,overcoat,False
629,weak-armor,True
630,big-pecks,False
630,overcoat,False
630,weak-armor,True
631,gluttony,False
631,flash-fire,False
631,white-smoke,True
632,swarm,False
632,hustle,False
632,truant,True
633,hustle,False
634,hustle,False
635,levitate,False
636,flame-body,False
636,swarm,True
637,flame-body,False
637,swarm,True
638,justified,False
639,justified,False
640,justified,False
641,prankster,False
641,defiant,True
642,prankster,False
642,defiant,True
643,turboblaze,False
644,teravolt,False
645,sand-force,False
645,sheer-force,True
646,pressure,False
647,justified,False
648,serene-grace,False
649,download,False
650,overgrow,False
650,bulletproof,True
651,overgrow,False
651,bulletproof,True
652,overgrow,False
652,bulletproof,True
653,blaze,False
653,magician,True
654,blaze,False
654,magician,True
655,blaze,False
655,magician,True
656,torrent,False
656,protean,True
657,torrent,False
657,protean,True
658,torrent,False
658,protean,True
659,pickup,False
659,cheek-pouch,False
659,huge-power,True
660,pickup,False
660,cheek-pouch,False
660,huge-power,True
661,big-pecks,False
661,gale-wings,True
662,flame-body,False
662,gale-wings,True
663,flame-body,False
663,gale-wings,True
664,shield-dust,False
664,compound-eyes,False
664,friend-guard,True
665,shed-skin,False
665,friend-guard,True
666,shield-dust,False
666,compound-eyes,False
666,friend-guard,True
667,rivalry,False
667,unnerve,False
667,moxie,True
668,rivalry,False
668,unnerve,False
668,moxie,True
669,flower-veil,False
669,symbiosis,True
670,flower-veil,False
670,symbiosis,True
671,flower-veil,False
671,symbiosis,True
672,sap-sipper,False
672,grass-pelt,True
673,sap-sipper,False
673,grass-pelt,True
674,iron-fist,False
674,mold-breaker,False
674,scrappy,True
675,iron-fist,False
675,mold-breaker,False
675,scrappy,True
676,fur-coat,False
677,keen-eye,False
677,infiltrator,False
677,own-tempo,True
678,keen-eye,False
678,infiltrator,False
678,prankster,True
679,no-guard,False
680,no-guard,False
681,stance-change,False
682,healer,False
682,aroma-veil,True
683,healer,False
683,aroma-veil,True
684,sweet-veil,False
684,unburden,True
685,sweet-veil,False
685,unburden,True
686,contrary,False
686,suction-cups,False
686,infiltrator,True
687,contrary,False
687,suction-cups,False
687,infiltrator,True
688,tough-claws,False
688,sniper,False
688,pickpocket,True
689,tough-claws,False
689,sniper,False
689,pickpocket,True
690,poison-point,False
690,poison-touch,False
690,adaptability,True
691,poison-point,False
691,poison-touch,False
691,adaptability,True
692,mega-launcher,False
693,mega-launcher,False
694,dry-skin,False
694,sand-veil,False
694,solar-power,True
695,dry-skin,False
695,sand-veil,False
695,solar-power,True
696,strong-jaw,False
696,sturdy,True
697,strong-jaw,False
697,rock-head,True
698,refrigerate,False
698,snow-warning,True
699,refrigerate,False
699,snow-warning,True
700,cute-charm,False
700,pixilate,True
701,limber,False
701,unburden,False
701,mold-breaker,True
702,cheek-pouch,False
702,pickup,False
702,plus,True
703,clear-body,False
703,sturdy,True
704,sap-sipper,False
704,hydration,False
704,gooey,True
705,sap-sipper,False
705,hydration,False
705,gooey,True
706,sap-sipper,False
706,hydration,False
706,gooey,True
707,prankster,False
707,magician,True
708,natural-cure,False
708,frisk,False
708,harvest,True
709,natural-cure,False
709,frisk,False
709,harvest,True
710,pickup,False
710,frisk,False
710,insomnia,True
711,pickup,False
711,frisk,False
711,insomnia,True
712,own-tempo,False
712,ice-body,False
712,sturdy,True
713,own-tempo,False
713,ice-body,False
713,sturdy,True
714,frisk,False
714,infiltrator,False
714,telepathy,True
715,frisk,False
715,infiltrator,False
715,telepathy,True
716,fairy-aura,False
717,dark-aura,False
718,aura-break,False
719,clear-body,False
720,magician,False
721,water-absorb,False
722,overgrow,False
722,long-reach,True
723,overgrow,False
723,long-reach,True
724,overgrow,False
724,long-reach,True
725,blaze,False
725,intimidate,True
726,blaze,False
726,intimidate,True
727,blaze,False
727,intimidate,True
728,torrent,False
728,liquid-voice,True
729,torrent,False
729,liquid-voice,True
730,torrent,False
730,liquid-voice,True
731,keen-eye,False
731,skill-link,False
731,pickup,True
732,keen-eye,False
732,skill-link,False
732,pickup,True
733,keen-eye,False
733,skill-link,False
733,sheer-force,True
734,stakeout,False
734,strong-jaw,False
734,adaptability,True
735,stakeout,False
735,strong-jaw,False
735,adaptability,True
736,swarm,False
737,battery,False
738,levitate,False
739,hyper-cutter,False
739,iron-fist,False
739,anger-point,True
740,hyper-cutter,False
740,iron-fist,False
740,anger-point,True
741,dancer,False
742,honey-gather,False
742,shield-dust,False
742,sweet-veil,True
743,honey-gather,False
743,shield-dust,False
743,sweet-veil,True
744,keen-eye,False
744,vital-spirit,False
744,steadfast,True
745,keen-eye,False
745,sand-rush,False
745,steadfast,True
746,schooling,False
747,merciless,False
747,limber,False
747,regenerator,True
748,merciless,False
748,limber,False
748,regenerator,True
749,own-tempo,False
749,stamina,False
749,inner-focus,True
750,own-tempo,False
750,stamina,False
750,inner-focus,True
751,water-bubble,False
751,water-absorb,True
752,water-bubble,False
752,water-absorb,True
753,leaf-guard,False
753,contrary,True
754,leaf-guard,False
754,contrary,True
755,illuminate,False
755,effect-spore,False
755,rain-dish,True
756,illuminate,False
756,effect-spore,False
756,rain-dish,True
757,corrosion,False
757,oblivious,True
758,corrosion,False
758,oblivious,True
759,fluffy,False
759,klutz,False
759,cute-charm,True
760,fluffy,False
760,klutz,False
760,unnerve,True
761,leaf-guard,False
761,oblivious,False
761,sweet-veil,True
762,leaf-guard,False
762,oblivious,False
762,sweet-veil,True
763,leaf-guard,False
763,queenly-majesty,False
763,sweet-veil,True
764,flower-veil,False
764,triage,False
764,natural-cure,True
765,inner-focus,False
765,telepathy,False
765,symbiosis,True
766,receiver,False
766,defiant,True
767,wimp-out,False
768,emergency-exit,False
769,water-compaction,False
769,sand-veil,True
770,water-compaction,False
770,sand-veil,True
771,innards-out,False
771,unaware,True
772,battle-armor,False
773,rks-system,False
774,shields-down,False
775,comatose,False
776,shell-armor,False
777,iron-barbs,False
777,lightning-rod,False
777,sturdy,True
778,disguise,False
779,dazzling,False
779,strong-jaw,False
779,wonder-skin,True
780,berserk,False
780,sap-sipper,False
780,cloud-nine,True
781,steelworker,False
782,bulletproof,False
782,soundproof,False
782,overcoat,True
783,bulletproof,False
783,soundproof,False
783,overcoat,True
784,bulletproof,False
784,soundproof,False
784,overcoat,True
785,electric-surge,False
785,telepathy,True
786,psychic-surge,False
786,telepathy,True
787,grassy-surge,False
787,telepathy,True
788,misty-surge,False
788,telepathy,True
789,unaware,False
790,sturdy,False
791,full-metal-body,False
792,shadow-shield,False
793,beast-boost,False
794,beast-boost,False
795,beast-boost,False
796,beast-boost,False
797,beast-boost,False
798,beast-boost,False
799,beast-boost,False
800,prism-armor,False
801,soul-heart,False
802,technician,False
803,beast-boost,False
804,beast-boost,False
805,beast-boost,False
806,beast-boost,False
807,volt-absorb,False
808,magnet-pull,False
809,iron-fist,False
810,overgrow,False
810,grassy-surge,True
811,overgrow,False
811,grassy-surge,True
812,overgrow,False
812,grassy-surge,True
813,blaze,False
813,libero,True
814,blaze,False
814,libero,True
815,blaze,False
815,libero,True
816,torrent,False
816,sniper,True
817,torrent,False
817,sniper,True
818,torrent,False
818,sniper,True
819,cheek-pouch,False
819,gluttony,True
820,cheek-pouch,False
820,gluttony,True
821,keen-eye,False
821,unnerve,False
821,big-pecks,True
822,keen-eye,False
822,unnerve,False
822,big-pecks,True
823,pressure,False
823,unnerve,False
823,mirror-armor,True
824,swarm,False
824,compound-eyes,False
824,telepathy,True
825,swarm,False
825,compound-eyes,False
825,telepathy,True
826,swarm,False
826,frisk,False
826,telepathy,True
827,run-away,False
827,unburden,False
827,stakeout,True
828,run-away,False
828,unburden,False
828,stakeout,True
829,cotton-down,False
829,regenerator,False
829,effect-spore,True
830,cotton-down,False
830,regenerator,False
830,effect-spore,True
831,fluffy,False
831,run-away,False
831,bulletproof,True
832,fluffy,False
832,steadfast,False
832,bulletproof,True
833,strong-jaw,False
833,shell-armor,False
833,swift-swim,True
834,strong-jaw,False
834,shell-armor,False
834,swift-swim,True
835,ball-fetch,False
835,rattled,True
836,strong-jaw,False
836,competitive,True
837,steam-engine,False
837,heatproof,False
837,flash-fire,True
838,steam-engine,False
838,flame-body,False
838,flash-fire,True
839,steam-engine,False
839,flame-body,False
839,flash-fire,True
840,ripen,False
840,gluttony,False
840,bulletproof,True
841,ripen,False
841,gluttony,False
841,hustle,True
842,ripen,False
842,gluttony,False
842,thick-fat,True
843,sand-spit,False
843,shed-skin,False
843,sand-veil,True
844,sand-spit,False
844,shed-skin,False
844,sand-veil,True
845,gulp-missile,False
846,swift-swim,False
846,propeller-tail,True
847,swift-swim,False
847,propeller-tail,True
848,rattled,False
848,static,False
848,klutz,True
849,punk-rock,False
849,plus,False
849,technician,True
850,flash-fire,False
850,white-smoke,False
850,flame-body,True
851,flash-fire,False
851,white-smoke,False
851,flame-body,True
852,limber,False
852,technician,True
853,limber,False
853,technician,True
854,weak-armor,False
854,cursed-body,True
855,weak-armor,False
855,cursed-body,True
856,healer,False
856,anticipation,False
856,magic-bounce,True
857,healer,False
857,anticipation,False
857,magic-bounce,True
858,healer,False
858,anticipation,False
858,magic-bounce,True
859,prankster,False
859,frisk,False
859,pickpocket,True
860,prankster,False
860,frisk,False
860,pickpocket,True
861,prankster,False
861,frisk,False
861,pickpocket,True
862,reckless,False
862,guts,False
862,defiant,True
863,battle-armor,False
863,tough-claws,False
863,steely-spirit,True
864,weak-armor,False
864,perish-body,True
865,steadfast,False
865,scrappy,True
866,tangled-feet,False
866,screen-cleaner,False
866,ice-body,True
867,wandering-spirit,False
868,sweet-veil,False
868,aroma-veil,True
869,sweet-veil,False
869,aroma-veil,True
870,battle-armor,False
870,defiant,True
871,lightning-rod,False
871,electric-surge,True
872,shield-dust,False
872,ice-scales,True
873,shield-dust,False
873,ice-scales,True
874,power-spot,False
875,ice-face,False
876,inner-focus,False
876,synchronize,False
876,psychic-surge,True
877,hunger-switch,False
878,sheer-force,False
878,heavy-metal,True
879,sheer-force,False
879,heavy-metal,True
880,volt-absorb,False
880,hustle,False
880,sand-rush,True
881,volt-absorb,False
881,static,False
881,slush-rush,True
882,water-absorb,False
882,strong-jaw,False
882,sand-rush,True
883,water-absorb,False
883,ice-body,False
883,slush-rush,True
884,light-metal,False
884,heavy-metal,False
884,stalwart,True
885,clear-body,False
885,infiltrator,False
885,cursed-body,True
886,clear-body,False
886,infiltrator,False
886,cursed-body,True
887,clear-body,False
887,infiltrator,False
887,cursed-body,True
888,intrepid-sword,False
889,dauntless-shield,False
890,pressure,False
891,inner-focus,False
892,unseen-fist,False
893,leaf-guard,False
894,transistor,False
895,dragons-maw,False
896,chilling-neigh,False
897,grim-neigh,False
898,unnerve,False
899,intimidate,False
899,frisk,False
899,sap-sipper,True
900,swarm,False
900,sheer-force,False
900,sharpness,True
901,guts,False
901,bulletproof,False
901,unnerve,True
902,swift-swim,False
902,adaptability,False
902,mold-breaker,True
903,pressure,False
903,unburden,False
903,poison-touch,True
904,poison-point,False
904,swift-swim,False
904,intimidate,True
905,cute-charm,False
905,contrary,True
906,overgrow,False
906,protean,True
907,overgrow,False
907,protean,True
908,overgrow,False
908,protean,True
909,blaze,False
909,unaware,True
910,blaze,False
910,unaware,True
911,blaze,False
911,unaware,True
912,torrent,False
912,moxie,True
913,torrent,False
913,moxie,True
914,torrent,False
914,moxie,True
915,aroma-veil,False
915,gluttony,False
915,thick-fat,True
916,lingering-aroma,False
916,gluttony,False
916,thick-fat,True
917,insomnia,False
917,stakeout,True
918,insomnia,False
918,stakeout,True
919,swarm,False
919,tinted-lens,True
920,swarm,False
920,tinted-lens,True
921,static,False
921,natural-cure,False
921,iron-fist,True
922,volt-absorb,False
922,natural-cure,False
922,iron-fist,True
923,volt-absorb,False
923,natural-cure,False
923,iron-fist,True
924,run-away,False
924,pickup,False
924,own-tempo,True
925,friend-guard,False
925,cheek-pouch,False
925,technician,True
926,own-tempo,False
926,klutz,True
927,well-baked-body,False
927,aroma-veil,True
928,early-bird,False
928,harvest,True
929,early-bird,False
929,harvest,True
930,seed-sower,False
930,harvest,True
931,intimidate,False
931,hustle,False
931,guts,True
932,purifying-salt,False
932,sturdy,False
932,clear-body,True
933,purifying-salt,False
933,sturdy,False
933,clear-body,True
934,purifying-salt,False
934,sturdy,False
934,clear-body,True
935,flash-fire,False
935,flame-body,True
936,flash-fire,False
936,weak-armor,True
937,flash-fire,False
937,weak-armor,True
938,own-tempo,False
938,static,False
938,damp,True
939,electromorphosis,False
939,static,False
939,damp,True
940,wind-power,False
940,volt-absorb,False
940,competitive,True
941,wind-power,False
941,volt-absorb,False
941,competitive,True
942,intimidate,False
942,run-away,False
942,stakeout,True
943,intimidate,False
943,guard-dog,False
943,stakeout,True
944,unburden,False
944,pickpocket,False
944,prankster,True
945,unburden,False
945,poison-touch,False
945,prankster,True
946,wind-rider,False
946,infiltrator,True
947,wind-rider,False
947,infiltrator,True
948,mycelium-might,False
948,mycelium-might,True
949,mycelium-might,False
949,mycelium-might,True
950,anger-shell,False
950,shell-armor,False
950,regenerator,True
951,chlorophyll,False
951,insomnia,False
951,klutz,True
952,chlorophyll,False
952,insomnia,False
952,moody,True
953,compound-eyes,False
953,shed-skin,True
954,synchronize,False
954,telepathy,True
955,anticipation,False
955,frisk,False
955,speed-boost,True
956,opportunist,False
956,frisk,False
956,speed-boost,True
957,mold-breaker,False
957,own-tempo,False
957,pickpocket,True
958,mold-breaker,False
958,own-tempo,False
958,pickpocket,True
959,mold-breaker,False
959,own-tempo,False
959,pickpocket,True
960,gooey,False
960,rattled,False
960,sand-veil,True
961,gooey,False
961,rattled,False
961,sand-veil,True
962,big-pecks,False
962,keen-eye,False
962,rocky-payload,True
963,water-veil,False
963,water-veil,True
964,zero-to-hero,False
964,zero-to-hero,True
965,overcoat,False
965,slow-start,True
966,overcoat,False
966,filter,True
967,shed-skin,False
967,regenerator,True
968,earth-eater,False
968,sand-veil,True
969,toxic-debris,False
969,corrosion,True
970,toxic-debris,False
970,corrosion,True
971,pickup,False
971,fluffy,True
972,sand-rush,False
972,fluffy,True
973,scrappy,False
973,tangled-feet,False
973,costar,True
974,thick-fat,False
974,snow-cloak,False
974,sheer-force,True
975,thick-fat,False
975,slush-rush,False
975,sheer-force,True
976,mold-breaker,False
976,sharpness,True
977,unaware,False
977,oblivious,False
977,water-veil,True
978,commander,False
978,storm-drain,True
979,vital-spirit,False
979,inner-focus,False
979,defiant,True
980,poison-point,False
980,water-absorb,False
980,unaware,True
981,cud-chew,False
981,armor-tail,False
981,sap-sipper,True
982,serene-grace,False
982,run-away,False
982,rattled,True
983,defiant,False
983,supreme-overlord,False
983,pressure,True
984,protosynthesis,False
985,protosynthesis,False
986,protosynthesis,False
987,protosynthesis,False
988,protosynthesis,False
989,protosynthesis,False
990,quark-drive,False
991,quark-drive,False
992,quark-drive,False
993,quark-drive,False
994,quark-drive,False
995,quark-drive,False
996,thermal-exchange,False
996,ice-body,True
997,thermal-exchange,False
997,ice-body,True
998,thermal-exchange,False
998,ice-body,True
999,rattled,False
1000,good-as-gold,False
1001,tablets-of-ruin,False
1002,sword-of-ruin,False
1003,vessel-of-ruin,False
1004,beads-of-ruin,False
1005,protosynthesis,False
1006,quark-drive,False
1007,orichalcum-pulse,False
1008,hadron-engine,False
1009,protosynthesis,False
1010,quark-drive,False
1011,supersweet-syrup,False
1011,gluttony,False
1011,sticky-hold,True
1012,hospitality,False
1012,heatproof,True
1013,hospitality,False
1013,heatproof,True
1014,toxic-chain,False
1014,guard-dog,True
1015,toxic-chain,False
1015,frisk,True
1016,toxic-chain,False
1016,technician,True
1017,defiant,False
1018,stamina,False
1018,sturdy,False
1018,stalwart,True
1019,supersweet-syrup,False
1019,regenerator,False
1019,sticky-hold,True
1020,protosynthesis,False
1021,protosynthesis,False
1022,quark-drive,False
1023,quark-drive,False
1024,tera-shift,False
1025,poison-puppeteer,False
10001,pressure,False
10002,pressure,False
10003,pressure,False
10004,anticipation,False
10004,overcoat,True
10005,anticipation,False
10005,overcoat,True
10006,serene-grace,False
10007,levitate,False
10008,levitate,False
10009,levitate,False
10010,levitate,False
10011,levitate,False
10012,levitate,False
10013,forecast,False
10014,forecast,False
10015,forecast,False
10016,rock-head,False
10016,adaptability,False
10016,mold-breaker,True
10017,sheer-force,False
10017,zen-mode,True
10018,serene-grace,False
10019,regenerator,False
10020,volt-absorb,False
10021,intimidate,False
10022,teravolt,False
10023,turboblaze,False
10024,justified,False
10025,keen-eye,False
10025,infiltrator,False
10025,competitive,True
10026,stance-change,False
10027,pickup,False
10027,frisk,False
10027,insomnia,True
10028,pickup,False
10028,frisk,False
10028,insomnia,True
10029,pickup,False
10029,frisk,False
10029,insomnia,True
10030,pickup,False
10030,frisk,False
10030,insomnia,True
10031,pickup,False
10031,frisk,False
10031,insomnia,True
10032,pickup,False
10032,frisk,False
10032,insomnia,True
10033,thick-fat,False
10034,tough-claws,False
10035,drought,False
10036,mega-launcher,False
10037,trace,False
10038,shadow-tag,False
10039,parental-bond,False
10040,aerilate,False
10041,mold-breaker,False
10042,tough-claws,False
10043,steadfast,False
10044,insomnia,False
10045,mold-breaker,False
10046,technician,False
10047,skill-link,False
10048,solar-power,False
10049,sand-stream,False
10050,speed-boost,False
10051,pixilate,False
10052,huge-power,False
10053,filter,False
10054,pure-power,False
10055,intimidate,False
10056,prankster,False
10057,magic-bounce,False
10058,sand-force,False
10059,adaptability,False
10060,snow-warning,False
10061,flower-veil,False
10061,symbiosis,True
10062,levitate,False
10063,levitate,False
10064,swift-swim,False
10065,lightning-rod,False
10066,magic-bounce,False
10067,pixilate,False
10068,inner-focus,False
10069,healer,False
10070,strong-jaw,False
10071,shell-armor,False
10072,sand-force,False
10073,no-guard,False
10074,refrigerate,False
10075,magic-bounce,False
10076,tough-claws,False
10077,primordial-sea,False
10078,desolate-land,False
10079,delta-stream,False
10080,static,False
10080,lightning-rod,True
10081,static,False
10081,lightning-rod,True
10082,static,False
10082,lightning-rod,True
10083,static,False
10083,lightning-rod,True
10084,static,False
10084,lightning-rod,True
10085,static,False
10085,lightning-rod,True
10086,magician,False
10087,sheer-force,False
10088,scrappy,False
10089,aerilate,False
10090,adaptability,False
10091,gluttony,False
10091,hustle,False
10091,thick-fat,True
10092,gluttony,False
10092,hustle,False
10092,thick-fat,True
10093,gluttony,False
10093,hustle,False
10093,thick-fat,True
10094,static,False
10094,lightning-rod,True
10095,static,False
10095,lightning-rod,True
10096,static,False
10096,lightning-rod,True
10097,static,False
10097,lightning-rod,True
10098,static,False
10098,lightning-rod,True
10099,static,False
10099,lightning-rod,True
10100,surge-surfer,False
10101,snow-cloak,False
10101,slush-rush,True
10102,snow-cloak,False
10102,slush-rush,True
10103,snow-cloak,False
10103,snow-warning,True
10104,snow-cloak,False
10104,snow-warning,True
10105,sand-veil,False
10105,tangling-hair,False
10105,sand-force,True
10106,sand-veil,False
10106,tangling-hair,False
10106,sand-force,True
10107,pickup,False
10107,technician,False
10107,rattled,True
10108,fur-coat,False
10108,technician,False
10108,rattled,True
10109,magnet-pull,False
10109,sturdy,False
10109,galvanize,True
10110,magnet-pull,False
10110,sturdy,False
10110,galvanize,True
10111,magnet-pull,False
10111,sturdy,False
10111,galvanize,True
10112,poison-touch,False
10112,gluttony,False
10112,power-of-alchemy,True
10113,poison-touch,False
10113,gluttony,False
10113,power-of-alchemy,True
10114,frisk,False
10114,harvest,True
10115,cursed-body,False
10115,lightning-rod,False
10115,rock-head,True
10116,battle-bond,False
10117,battle-bond,False
10118,power-construct,False
10119,power-construct,False
10120,power-construct,False
10121,stakeout,False
10121,strong-jaw,False
10121,adaptability,True
10122,levitate,False
10123,dancer,False
10124,dancer,False
10125,dancer,False
10126,keen-eye,False
10126,vital-spirit,False
10126,no-guard,True
10127,schooling,False
10128,leaf-guard,False
10128,contrary,True
10129,corrosion,False
10129,oblivious,True
10130,shields-down,False
10131,shields-down,False
10132,shields-down,False
10133,shields-down,False
10134,shields-down,False
10135,shields-down,False
10136,shields-down,False
10137,shields-down,False
10138,shields-down,False
10139,shields-down,False
10140,shields-down,False
10141,shields-down,False
10142,shields-down,False
10143,disguise,False
10144,disguise,False
10145,disguise,False
10146,bulletproof,False
10146,soundproof,False
10146,overcoat,True
10147,soul-heart,False
10148,static,False
10148,lightning-rod,True
10149,cursed-body,False
10149,lightning-rod,False
10149,rock-head,True
10150,honey-gather,False
10150,shield-dust,False
10150,sweet-veil,True
10151,own-tempo,False
10152,tough-claws,False
10153,water-bubble,False
10153,water-absorb,True
10154,iron-barbs,False
10154,lightning-rod,False
10154,sturdy,True
10155,prism-armor,False
10156,prism-armor,False
10157,neuroforce,False
10158,static,False
10158,lightning-rod,True
10159,run-away,False
10159,adaptability,False
10159,anticipation,True
10160,static,False
10160,lightning-rod,True
10161,pickup,False
10161,tough-claws,False
10161,unnerve,True
10162,run-away,False
10162,pastel-veil,False
10162,anticipation,True
10163,run-away,False
10163,pastel-veil,False
10163,anticipation,True
10164,gluttony,False
10164,own-tempo,False
10164,regenerator,True
10165,quick-draw,False
10165,own-tempo,False
10165,regenerator,True
10166,steadfast,False
10166,scrappy,True
10167,levitate,False
10167,neutralizing-gas,False
10167,misty-surge,True
10168,vital-spirit,False
10168,screen-cleaner,False
10168,ice-body,True
10169,competitive,False
10170,defiant,False
10171,berserk,False
10172,curious-medicine,False
10172,own-tempo,False
10172,regenerator,True
10173,weak-armor,False
10173,cursed-body,True
10174,pickup,False
10174,gluttony,False
10174,quick-feet,True
10175,pickup,False
10175,gluttony,False
10175,quick-feet,True
10176,hustle,False
10176,inner-focus,True
10177,gorilla-tactics,False
10177,zen-mode,True
10178,gorilla-tactics,False
10178,zen-mode,True
10179,wandering-spirit,False
10180,mimicry,False
10181,aura-break,False
10182,gulp-missile,False
10183,gulp-missile,False
10184,punk-rock,False
10184,minus,False
10184,technician,True
10185,ice-face,False
10186,own-tempo,False
10186,synchronize,False
10186,psychic-surge,True
10187,hunger-switch,False
10188,intrepid-sword,False
10189,dauntless-shield,False
10190,pressure,False
10191,unseen-fist,False
10192,leaf-guard,False
10193,as-one-glastrier,False
10194,as-one-spectrier,False
10195,overgrow,False
10195,chlorophyll,True
10196,blaze,False
10196,solar-power,True
10197,torrent,False
10197,rain-dish,True
10198,compound-eyes,False
10198,tinted-lens,True
10199,static,False
10199,lightning-rod,True
10200,pickup,False
10200,technician,False
10200,unnerve,True
10201,guts,False
10201,no-guard,False
10201,steadfast,True
10202,cursed-body,False
10203,hyper-cutter,False
10203,shell-armor,False
10203,sheer-force,True
10204,water-absorb,False
10204,shell-armor,False
10204,hydration,True
10205,run-away,False
10205,adaptability,False
10205,anticipation,True
10206,immunity,False
10206,thick-fat,False
10206,gluttony,True
10207,stench,False
10207,weak-armor,False
10207,aftermath,True
10208,iron-fist,False
10209,overgrow,False
10209,grassy-surge,True
10210,blaze,False
10210,libero,True
10211,torrent,False
10211,sniper,True
10212,pressure,False
10212,unnerve,False
10212,mirror-armor,True
10213,swarm,False
10213,frisk,False
10213,telepathy,True
10214,strong-jaw,False
10214,shell-armor,False
10214,swift-swim,True
10215,steam-engine,False
10215,flame-body,False
10215,flash-fire,True
10216,ripen,False
10216,gluttony,False
10216,hustle,True
10217,ripen,False
10217,gluttony,False
10217,thick-fat,True
10218,sand-spit,False
10218,shed-skin,False
10218,sand-veil,True
10219,punk-rock,False
10219,plus,False
10219,technician,True
10220,flash-fire,False
10220,white-smoke,False
10220,flame-body,True
10221,healer,False
10221,anticipation,False
10221,magic-bounce,True
10222,prankster,False
10222,frisk,False
10222,pickpocket,True
10223,sweet-veil,False
10223,aroma-veil,True
10224,sheer-force,False
10224,heavy-metal,True
10225,light-metal,False
10225,heavy-metal,False
10225,stalwart,True
10226,unseen-fist,False
10227,unseen-fist,False
10228,punk-rock,False
10228,minus,False
10228,technician,True
10229,intimidate,False
10229,flash-fire,False
10229,rock-head,True
10230,intimidate,False
10230,flash-fire,False
10230,rock-head,True
10231,soundproof,False
10231,static,False
10231,aftermath,True
10232,soundproof,False
10232,static,False
10232,aftermath,True
10233,blaze,False
10233,frisk,True
10234,poison-point,False
10234,swift-swim,False
10234,intimidate,True
10235,inner-focus,False
10235,keen-eye,False
10235,pickpocket,True
10236,torrent,False
10236,sharpness,True
10237,chlorophyll,False
10237,hustle,False
10237,leaf-guard,True
10238,illusion,False
10239,illusion,False
10240,keen-eye,False
10240,sheer-force,False
10240,tinted-lens,True
10241,sap-sipper,False
10241,shell-armor,False
10241,gooey,True
10242,sap-sipper,False
10242,shell-armor,False
10242,gooey,True
10243,strong-jaw,False
10243,ice-body,False
10243,sturdy,True
10244,overgrow,False
10244,scrappy,True
10245,pressure,False
10245,telepathy,True
10246,pressure,False
10246,telepathy,True
10247,rattled,False
10247,adaptability,False
10247,mold-breaker,True
10248,swift-swim,False
10248,adaptability,False
10248,mold-breaker,True
10249,overcoat,False
10250,intimidate,False
10250,anger-point,False
10250,cud-chew,True
10251,intimidate,False
10251,anger-point,False
10251,cud-chew,True
10252,intimidate,False
10252,anger-point,False
10252,cud-chew,True
10253,poison-point,False
10253,water-absorb,False
10253,unaware,True
10254,aroma-veil,False
10254,gluttony,False
10254,thick-fat,True
10255,serene-grace,False
10255,run-away,False
10255,rattled,True
10256,zero-to-hero,False
10256,zero-to-hero,True
10257,friend-guard,False
10257,cheek-pouch,False
10257,technician,True
10258,commander,False
10258,storm-drain,True
10259,commander,False
10259,storm-drain,True
10260,intimidate,False
10260,hustle,False
10260,guts,True
10261,intimidate,False
10261,hustle,False
10261,sheer-force,True
10262,intimidate,False
10262,hustle,False
10262,sheer-force,True
10263,run-away,False
10263,run-away,True
10264,orichalcum-pulse,False
10264,orichalcum-pulse,True
10265,orichalcum-pulse,False
10265,orichalcum-pulse,True
10266,orichalcum-pulse,False
10266,orichalcum-pulse,True
10267,orichalcum-pulse,False
10267,orichalcum-pulse,True
10268,hadron-engine,False
10268,hadron-engine,True
10269,hadron-engine,False
10269,hadron-engine,True
10270,hadron-engine,False
10270,hadron-engine,True
10271,hadron-engine,False
10271,hadron-engine,True
10272,minds-eye,False
10273,water-absorb,False
10274,mold-breaker,False
10275,sturdy,False
10276,tera-shell,False
10277,teraform-zero,False